{"USDT:VES": {"ts": 1777157304.2728128, "rate": 484.7404}, "USD:VES": {"ts": 1774980729.6576192, "rate": 473.8702}}